video_id,comment_id,comment_user,comment,comment_like,time_published
2RgbsCoyFW8,UgxtPEitY4OaaXYXBMt4AaABAg,@cudeiro1980,Qu√© √∫til toda la informaci√≥n que entregas. Felicitaciones y muchas gracias!,0,2024-10-02T19:58:42Z
2RgbsCoyFW8,Ugyrq2LRUyxS4jdtLkd4AaABAg,@PedroMartinez-ug7zu,"Impresionante asombroso extraordinario aut√©ntico genial maravilloso üí´üëëüí´ Tus v√≠deos nos llenan de alegr√≠a y emoci√≥n. Y eso solo demuestra tu verdadera vocaci√≥n. üí¢üèÜüí¢ Eres un ejemplo de disciplina y pasi√≥n. Hoy mereces nuestra m√°s sincera ovaci√≥n. üí´‚úåÔ∏èüí´ Tu voz se escucha, tus consejos son valiosos. Tus v√≠deos son fuente de aprendizaje glorioso. üí´üéÅüí´ Tu energ√≠a y dedicaci√≥n son incansables. Tu perseverancia te hace inquebrantable. üåüüíóüåü Cada v√≠deo que subes es una genuina proeza. Y t√∫ pasi√≥n por ellos siempre se aprecia. üíêüåÖüíê Saludos desde Caracas Venezuela. üáªüá™ü•áüáªüá™üåüüáªüá™üíØüáªüá™‚ô•Ô∏èüáªüá™üëëüáªüá™",0,2024-10-02T17:02:30Z
MsumGaNRqSs,Ugx6DEMaHTbjigi31vh4AaABAg,@Lahiperactina,"Si quieres crear tu p√°gina web pero se te hace bola como a m√≠, deja que la IA de Hostinger te eche una mano ü§ñüíú Con el cup√≥n HIPERACTINA ten√©is un 10% de descuentoü´∂ Recordad que estos patrocinios nos permiten traer v√≠deos como este al canal y financiar el trabajo de la gente que hay detr√°s, as√≠ que si te interesa, ¬°√©chale un vistazo!
P.D.: ¬øQu√© os ha parecido el v√≠deo? ¬øHab√©is probado alguna vez productos de CBD? ¬øC√≥mo fue la experiencia?üëÄ",28,2024-10-02T23:59:19Z
MsumGaNRqSs,UgzvaRSbGVraol-kO5Z4AaABAg,@luisalonsoerazo3961,"Por favor podr√≠as hacer algo similar sobre la ashwaganda? Est√° planta tiene much√≠simos suplementos que dicen tener beneficios similares al CBD.
Gracias!!",0,2024-10-04T16:10:39Z
MsumGaNRqSs,Ugy0WeG7JXe-lopHAEZ4AaABAg,@sagelf,"Genial el v√≠deo, solo una errata: los complementos alimenticios los autoriza la AESAN, no la AEMPS.",0,2024-10-04T15:48:41Z
MsumGaNRqSs,UgzGZavLxPJQWFiY2AZ4AaABAg,@gatafura,"Muy bienüëè.... ya era hora que alguien hablara claro del CBD... pues claro que contiene THC...aunque lo quieran vender como que no!!...la cantidad de gente enferma que hay en centros por culpa de esta planta...y si el CBD hace ""algo"" poco se nota... a√∫n se est√° estudiando...
Como planta que es tendr√° sus propiedades pero nunca fumada ni ingerida.... Adem√°s lo venden como algo ""milagroso"" para aprovecharse de la gente... como si fuera la soluci√≥n a todo mal y poder hacer negocio.",0,2024-10-04T15:44:28Z
MsumGaNRqSs,UgxlE1TZQohGNNQ3CIZ4AaABAg,@gorkensenleganoso9566,En los productos de CBD en Espa√±a ponen que no es apto para consumo humano para que sea legal venderlo,0,2024-10-04T15:39:19Z
MsumGaNRqSs,UgySdsudyjJQbdDxFRV4AaABAg,@joseantoniogallegos,üëçüëçüíØüíØ,0,2024-10-04T15:25:53Z
MsumGaNRqSs,UgwvAX3qwVULK7pWH4p4AaABAg,@manuuutls,"Creo que hacen falta m√°s estudios sobre el cannabis. He descubierto por mucha experiencia, tanto m√≠a como de familiares y amigos, que algunas cepas sirven para el dolor y otras no(pars el dolor puedo asegurar que algunas cremas funcionan, no comida no fumar no aceite), algunas bajan la ansiedad(fumar, aceites y comidas) y otras la suben algunas act√∫an como depresoras y otras como estimulantes. Por qu√©? No tengo idea y es lo que deber√≠amos estudiar para sacarle todos los beneficios a la planta. No se si sea el thc el cbd y otros compuestos tampoco se si tenga que ver con la cantidad ingerida, las proporciones, el modo de consumo, la persona que consume, otras sustancias que haya consunido la persona como cafe, azucsr o chocolate, o que. Pero puedo asegurar que la marihuana es capaz de todos esos efectos y no a modo de placebo. Las cremas de cannabis a veces son capaces de calmar dolores que el ibuprofeno, Aspirinas o Diclofenac no pueden. A veces fumar marihuana puede calmar la ansiedad tanto como una benzidiasepina sin tantos efectos negativos. A veces te puede subir la ansiedad a un nivel insoportable. Y lo mismo con el resto de efectos. 

Es necesario descubrir que cosa de la marihuana causa cada efecto para poder obtener todos los beneficios.",0,2024-10-04T15:25:33Z
MsumGaNRqSs,Ugyffp0hAtFnvKU1ill4AaABAg,@Ana-yo5tv,He usado aceite de cbd para el dolor menstrual aplic√°ndolo y masajeando en la tripa y no me hizo nada :( espero que en oral funcione y as√≠ dejar de tomar tantas pastillas,0,2024-10-04T15:18:58Z
MsumGaNRqSs,UgzlrskyyhqkpRP68C54AaABAg,@Vinasaurius,"No lo se, ya existen otros medicamentos con m√°s a√±os de estudios y que no hay tanto conflicto en el tema legal y moral. Siento que un paracetamol es m√°s efectivo para reducir el dolor qu√© ser un conejillo de indias sobre una sustancia poco estudiada,  reciente y con m√°s conflictos de inter√©s y marketing que hechos reales y palpables comparados con otros medicamentos.",0,2024-10-04T15:13:48Z
MsumGaNRqSs,Ugx_oQb611tqKJZRbgJ4AaABAg,@gufweniuoce3,4:39 wait what?! üòÇ,0,2024-10-04T14:58:09Z
MsumGaNRqSs,UgykFosnbdI5N032D7p4AaABAg,@Alicia-ag,Yo he probado una crema de esas y no not√© nada de nada y era de la farmacia üòÖ,0,2024-10-04T14:54:33Z
MsumGaNRqSs,Ugy1Yky0DIcXgXAoPO14AaABAg,@snake698,Decir que el THC es adictivo por el coloc√≥n que provoca es... arcaico,0,2024-10-04T14:34:01Z
MsumGaNRqSs,UgwsY3AmM5MklJ_V9eF4AaABAg,@UnaChicaPatriarcal-zp7ie,Cre√≠a que hac√≠as todo el v√≠deo sola y tienes a m√°s gente detr√°s üòÆ,0,2024-10-04T14:31:23Z
MsumGaNRqSs,UgzqNW9-EQsRmPKBAUd4AaABAg,@cgrijalbac3,"Mi abuela ya fallecida, que de ahora en adelante la vamos a llamar paciente E. 
La paciente E muri√≥ encima de sus 80 a√±os, de los cuales +45 a√±os con un diagn√≥stico de Lupus, con depresi√≥n (porque ya su movilidad era muy baja y estaba acostumbrada a tener una vida bastante activad), hipertensa, diab√©tica (sab√≠a lo que era dolor y pasar en hospitales mucha parte de su vida) y solo para dar contexto era testiga de Jehov√°, por lo que acercamiento con la marihuana de cualquier tipo era totalmente impensado o prohibitivo.
Con el anterior contexto ella en sus √∫ltimos 6 -7 a√±os de vida cansada del dolor accedi√≥ a utilizar un aceite que era una proporci√≥n de tal vez un 95% CBD y 5% THC, ya casi que con solo eso se puede explicar que s√≠ le funcion√≥ puesto que lo utliz√≥ durante a√±os pese a su anterior rechazo y m√°s bien dec√≠a que ahora se sent√≠a sin dolor por primera vez en mucho tiempo.
La paciente E  ""ir√≥nicamente"" no muri√≥ por ninguna de las enfermedades anteriores mencionadas, se manten√≠a bastante bien (para tener ese expediente) hasta que un d√≠a se cay√≥... En el  hospital ten√≠an que hacerle una transfusi√≥n de sangre porque estaba d√©bil y no acept√≥ (por temas religioso/sectarios) lo que la llev√≥ a la muerte.",0,2024-10-04T14:09:54Z
MsumGaNRqSs,UgwZ0YTy7DL7ImcL0jN4AaABAg,@darkblade_305,"Yo quiero fumar hierba de CBD es decir que no contenga THC pero no me decido ya q no me fio mucho d que realmente no haya algo de THC y esq a algunos nos gusta la hierba por su sabor, alg√∫n d√≠a habr√° que probarlo aunq sea",0,2024-10-04T14:03:52Z
MsumGaNRqSs,UgzIjDipLhkkQaY4A414AaABAg,@Navawanprimero,Mmmm ..yo lo uso cuando tengo insomnio y me funciona bastante bien...pero tienes raz√≥n nunca he probado alg√∫n medicamento de patente que sirva para lo mismo y poder comparar ...saludos,0,2024-10-04T14:00:12Z
MsumGaNRqSs,UgwUv0_8C1Oi3LfMNA94AaABAg,@Kaos_98,"Yo he consumido todo tipo de cbd en todos los formatos, y ciertamente ingerido tiene un mayor efecto y m√°s rapido en contra los t√≥picos dado que va directamente a la sangre, pero para un dolor local tipo un golpe en la rodilla o en el brazo, una crema con alto grado de cbd te ayudar√° a que sea mas llevadero ergo no te quitar√° el dolor por arte de magia pero alivia lo suficiente para que no te mueras del dolor, entonces lo recomiendo pero como algo mas cotidiano y no tan medicinal, las gotas es lo interesante, depende del % de cbd es mas o menos fuerte, dudo que el tipo de planta tenga algo que ver salvo que produce mas o menos cantidad de cbd a la hora de cultivarla, no es como el thc que depende de la planta si aumenta o disminuye su potencia, en el caso del cbd solo es la cantidad que produce, aclarado esto, obviamente el % si que influye en su potencia, el cual el m√°ximo que conocido es 30% que ese seria capaz de quitarle sus males a la mayoria de los que comemtaron que no les sirvi√≥, pero como no es lo mismo tomar 2 gotas de 30% que 2 de 5% y como los efectos no son inmediatos se de gente que tiende a tomar mas de 5 gotas aun sin hacerle efecto, lo mismo que cuando se consumen conestibles de thc, al no ser inmediato la gente suele pensar que al consumir mas se notar√° m√°s r√°pido, y eso no es recomendable vaya, respecto a los edibles o comestibles canabicos, aproximadamente si sabes cuanta cantidad hay, ya que para hacerlos debes de infusionar thc o cbd en mantequilla, en el proceso puede perder algo de thc y cbd pero mantiene su integridad qu√≠mica mas o menos, una vez tienes esta mantequilla puedes hacer los comestibles que quieras, clao hablo galletas brownies y demas por que es lo que mejor funciona, las chuches de cbd o thc no son casi efectivas, teniendo mas bien algo de regusto a planta y ya, y bueno obviamente fumada creo que es la mejor forma para notas los efectos pero tambien es la mas nociva para el cuerpo, eso ya depende de cada persona y su actividad diaria, yo hablo desde la experiencia de fumar de forma recreativa por algo m√°s de 10 a√±os, donde obviamente he tenido momentos de fumar y momentos de cortar el consumo una temporada, tanto thc como cbd y aun que yo si sufria ansiedad antes de probarla, me ha ayudado a controlar la ansiedad mas que quitarmela, por que el thc al ser psicoactico te ayuda a concentrarte mejor en actividades tipo: jugar a un juego, crear algo ya sea musica, pinturas, escritura, etc, yo lo acompa√±aba de terapia y mi terapeuta me decia que hacer cosas ayuda a la ansiedad, entonces claro puedo tener el efecto rebote de tener mas ansiedad al fumar pero como siempre hago algo la verdad es que si me noto mas relajado desde hace algunos a√±os, y tambien saber alternar entre thc y cbd, el thc cuando estas bien si, si tienes un mal dia o algo as√≠ no lo hagas, casi mejor te tomas una infusi√≥n de cbd y te dar√° una relajaci√≥n menos agresiva, que para dormir tambien recomiendo cbd antes que thc, y como analg√©sico desde mi punto de vista el thc tiene mas potencia que el cbd, entonces se tendria que estudiar y alomejor tratar de recrear thc sint√©tico o algo sin que te de los efectos psicoactivos, o alguna pomada que alivie el dolor local y alomejor eso si quitaria los dolores de muchas gentes, y bueno decir que todo esto es info que para los no consumidores se les escapa a veces, sin tanto fundamento cient√≠fico pero si con lo que de sabe, un poco tambien mi experiencia personal y dem√°s, con esto no incito a que fumeis ni consumais esto si no lo veis necesario, pero si puede servir para aportar algo pues mira aqu√≠ dejo este testamentoüå¥",0,2024-10-04T13:42:27Z
MsumGaNRqSs,UgxeCvzPFlGP1HRoJgl4AaABAg,@Linasclasic,"yo lo uso, no regularmente y me ha dado resultado, con la falta de sue√±o (y con las piernas inquietas, me relaja bastante y puedo conciliar el sue√±o) y en d√≠as medio estresantes que me elevan un poco la ansiedad.
aclaro que no tengo trastornos graves de ansiedad ni de sue√±o.",0,2024-10-04T13:41:41Z
MsumGaNRqSs,UgxhdJjA68wUOxF_eYd4AaABAg,@landeotorrescarlosmartin3685,Amiga Hiperactina si funciona en cbd para el dolor ansiedad e insomnio lo probe 2 a√±os si funciona y si tiene un poquito de thc nimodo,0,2024-10-04T13:40:02Z
MsumGaNRqSs,Ugw1S3kDyFUMX4GfMLZ4AaABAg,@LouSanfelix,Eres super-maja y explicas genial. Saludos.,0,2024-10-04T13:27:24Z
MsumGaNRqSs,Ugzd4Y0257wjUMQdiSR4AaABAg,@nosenisabre,"El CBD en aceite 5-10% sirve como alivio t√≥pico para picaduras y otras inflamaciones. La doctora dijo que probablemente es por su efecto antiinflamatorio. Es muy potente. Ademas si lo fumas sin tabaco puede ayudarte a dejar de fumar tabaco, creo que es porque te quita la ansiedad y sustituyes el tabaco por el CBD, tambi√©n fue super util con eso. Me ha parecido un poco pobre el an√°lisis que han hecho en el video sobre el CBD fumado. Se agradece que hagan uno espec√≠fico.",0,2024-10-04T13:26:49Z
MsumGaNRqSs,UgyXKwe-pH4NrIA7eBt4AaABAg,@kernell123,Gran video! üëè Gracias,0,2024-10-04T13:18:39Z
MsumGaNRqSs,Ugz9ogCHyHHzG770XTh4AaABAg,@reginatarrinocarrasco4399,"Ten√≠a muchos problemas para dormir, consumo CBD desde hace un mes en aceite de ca√±amo, me dijo el de la tienda que eran tres gotas debajo de la lengua, yo solo me echo una y me ayuda a dormir. Un d√≠a me ech√© 5 y me qued√© tan dormido que no o√≠ ni el despertador y al otro d√≠a est√° como ido, estaba en el trabajo concentr√°ndome hasta para andar y que no se me notar√°, levant√© una pared de 1 metro cuadrado para hacer una mesa de hormig√≥n con juegos de ajedrez y el tres en raya en un parque y me sali√≥ hasta desplomada. Desde entonces solo me echo una. Mi aceite tiene un poquito de THC Si. El caso es que est√° riqu√≠simo. Es Alternative CBD concentrado al 30 %. El bote vale 70 ‚Ç¨. Me lo vendieron en una tienda en al lado del corte ingl√©s. 
Posdata: Soy un hombre y me llamo Luis. Escribo desde la cuenta de mi madre por qu√© perd√≠ la m√≠a.",0,2024-10-04T13:00:33Z
MsumGaNRqSs,UgxfsdkZSFPeayCzs0B4AaABAg,@MixtoGameESP,"Llevo mas de 1 a√±o utilizando sativex soluci√≥n para pulverizaci√≥n bocual a base de delta-9 tetrahidrocannabinol/cannabidiol.
Ya que hace 6 a√±os sufri un accidente con la lesion medular y una de las secuelas que tengo es la espasticidad muscular y este medicamento me ha ayudado mucho mas que otros medicamentos para la espasticidad muscular y rigidez.
En mi vida fume marihuana y nunca pens√© en que algo asi me ayudaria tanto, todo gracias a mi neurologo que le dio en el clavo con el tratamiento ya que por lo general ese medicamento se utiliza en personas con esclerosis y por ende para mi es un medicamento compasivo.
Menos mal que vivo en espa√±a y la seguridad social me cubre el 100% del medicamento por que mire en chile el mismo medicamento y su tratamiento para 1 mes es de 2 mil euros.",0,2024-10-04T12:33:13Z
MsumGaNRqSs,UgxL7VG9lDM5tHefnCJ4AaABAg,@EduardoHerreroAyuso,"Pero c√≥mo no  dices que no tiene efectos psicoactivos si se detecta en las sinapsis y act√∫a modulando el thc, incluso el end√≥geno ????  Es que macho, ya ni rigor tenemos",0,2024-10-04T12:23:00Z
MsumGaNRqSs,UgwFnoz0zVXq4z-0Zmh4AaABAg,@xjuandax55,No se refugien en las drogas amigos... Ya no cabemos masüòÇ,0,2024-10-04T12:19:54Z
MsumGaNRqSs,UgwN5UWvDs3YZhclFC94AaABAg,@estebanpereyra9200,"Una aclaraci√≥n, el sistema endocannabinoide no es otro mas que el sistema nervioso central pero los mechulanicos eliguen creer que encontraron un sistema aparte y que por ello pueden llamarlo asi",0,2024-10-04T12:07:03Z
MsumGaNRqSs,Ugyg-yYuVYCWDB2nYQx4AaABAg,@fernandotorresclavijo8025,Que viva colombia üá®üá¥,0,2024-10-04T12:04:12Z
MsumGaNRqSs,UgyVeRMyhgshXuCtp5N4AaABAg,@ctrmagnum7974,De los creadores de la cerveza sin alcohol:,0,2024-10-04T11:40:41Z
MsumGaNRqSs,Ugx9SpJwO4Ht1fU3zdV4AaABAg,@TraskySim,"Me alegro de que algunos cient√≠ficos/as sean exaustivos y cautelosos con los estudios cient√≠ficos que podr√≠an tener conflicto de intereses porque eso se lleva haciendo de toda la pu√±etera vida, pero solo se denuncian o se√±alan los que no interesan. 
Los √∫nicos que pueden luchar contra la mafia que hay en el mundo cient√≠fico sois los propios cient√≠ficos.",0,2024-10-04T11:24:05Z
MsumGaNRqSs,UgwkXBBZ-zkF544icrl4AaABAg,@silvia-bc9hr,Gracias por currarte tanto los v√≠deos ‚ù§‚ù§‚ù§,0,2024-10-04T11:23:35Z
MsumGaNRqSs,UgwSFFq68h3YI0ct3-N4AaABAg,@erikaalterego3421,"Espa√±ita y sus vac√≠os legales. Esto no se puede vender, pero se vende y paga impuestos.... jajaja",0,2024-10-04T11:18:31Z
MsumGaNRqSs,Ugy2IPooLJ0k5aCkJup4AaABAg,@damafe,8:29 como que consulta ciudadana? a qui√©n preguntaron?,0,2024-10-04T11:02:19Z
MsumGaNRqSs,UgxJ9syAaoHYSjVfh8N4AaABAg,@vvm9458,"En gotas sirve, sobretodo para ataques de p√°nico, no tanto para dolores. Y adem√°s, he probado todas las concentraciones y la del 10% es la m√°s efectiva. Un saludo.",0,2024-10-04T11:01:04Z
MsumGaNRqSs,Ugx4EZwIdrqX7DP80sp4AaABAg,@ferjelo,He usado CBD en pomada para el dolor con resultados positivos Tambi√©n las gotas sublinguales Ambos me calmaron un poco el dolor pero por un tiempo En Argentina esos productos son permitidos pero los fabricantes no est√°n registrados,0,2024-10-04T10:59:57Z
MsumGaNRqSs,UgxhaRHE4Vj3XqNVK0N4AaABAg,@Adrid512,"8:14 Con las gominolas, no s√©, pero en el caso de los cogollos (los que se fuman), las tiendas que los venden suelen indicar que son productos ""para uso t√©cnico y de colecci√≥n"". Vamos, que se supone que la gente compra cogollos de CBD porque les gusta c√≥mo huelen y para coleccionarlos, no para fum√°rselos üòÇ Gui√±o gui√±o",1,2024-10-04T10:58:01Z
MsumGaNRqSs,UgwfHlj0boq7QlGwPQl4AaABAg,@sirancio,"La yerbita y los comestibles se venden como ""no apto para el consumo humano"", siempre lo pone en algun lado del paquetito. Se ve que con eso basta de cara a la ley. Y no solo con el cbd, lo he visto con otras sustancias cuasilegales como la salvia, trufas, cactus.. todo con potencial recreativo claro",0,2024-10-04T10:54:35Z
MsumGaNRqSs,UgxWXkzEamFLC3c8Jjl4AaABAg,@analorentemarquez8347,A mi perrita que tiene epilepsia le fue muy bien pero las pastillas le van mejor,0,2024-10-04T10:36:39Z
MsumGaNRqSs,UgxMNodDg1qMYkCIAcp4AaABAg,@bargarvaz8580,"Buen video e interesante informaci√≥n, gracias",0,2024-10-04T10:03:05Z
MsumGaNRqSs,UgzvBL1HZjFbDCJ_5XB4AaABAg,@mariahdiana,"Que maravilla de divulgaci√≥n, cercana y a la vez muy rigurosa.",0,2024-10-04T10:01:42Z
MsumGaNRqSs,UgyZT2aCfEeNI36ZNDl4AaABAg,@aitoryin,"Y por ultimo como exoeriencia personal . Mi pareja lo tomo un tiempo para dormir y segun ella funciona luego lo tome yo por que ya que lo tengo en casa pues hago la prueba, pues a mi no me hizo nada ni subiendo la concentracion . PD yo ya duermo bien y quizas por eso no not√© nada",0,2024-10-04T09:55:31Z
MsumGaNRqSs,Ugxf_ZK0kwbzYZ3Y-dp4AaABAg,@filodogs,"Estar√≠a bien una peque√±a actualizaci√≥n con el HHC que se est√° poniendo ahora m√°s de moda, hexahidrocanabinnol",0,2024-10-04T09:23:24Z
MsumGaNRqSs,UgzXo8WVw4pcbSGWUId4AaABAg,@alejandromoreno5025,¬øY si solo sigo fumando hierba como siempre y ya? üòÇ,0,2024-10-04T09:18:46Z
MsumGaNRqSs,UgyOkJIMNdmbEpqbbGt4AaABAg,@crisrave1095,"Pues vaya... este mundo siempre viene con sorpresas... No te puedes fiar de nada de lo que te venden, ya que nos MIENTEN!! yo lo consumia por dolores y problemas de sue√±o y me fue bien, ya que no quer√≠a tomar cosas m√°s fuertes y sint√©ticas. Pero me levantaba rara, sinceramente,  me da rabia que todo sea una pantomima. Al final, cualquier problema se soluciona tajando la ra√≠z y no tap√°ndola con productos que no te verifican , ni te solucionan nada. Solo somos el experimento de imb√©cil3s que estan por encima nuestra. Gracias por la explicaci√≥n, ahora ir√© con m√°s cuidado con estos productos.",0,2024-10-04T08:49:13Z
MsumGaNRqSs,UgxnUre8UQPkfGVtHxF4AaABAg,@jaumetdepalma5347,"en estancos y otros comercios se puede comprar cogollos de maria con un contenido m√°ximo de THC de 0'2 %.   sin embargo el precio es car√≠simo...   el gramos sale entre 12 y 20 euros seg√∫n la variedad.  En cambio la mar√≠a de la buena, la ilegal üòÖ, sale a menos de 10 euros el gramo..   üòä.  yo soy de adquirir el producto m√°s barato y que  me de mayor ""bienestar ""üòÇ.  saludosss",1,2024-10-04T08:20:52Z
MsumGaNRqSs,Ugzk7tqeMB_4d4PfPJd4AaABAg,@Dosdeuses,"Soy consumidor de CBD pero claro vengo de ser consumidor de THC por lo que en m√≠ si puedo decir que me ayuda con la ansiedad y me ha hecho m√°s llevadero dejar el consumo de THC, intersante que de todas formas puedas dar positivo y te puedan multar, deber√≠an de hacer como en M√©xico pero claro de esa manera dejan de recaudar que es lo que le interesa al Estado... Multas y m√°s multas.",0,2024-10-04T08:20:32Z
MsumGaNRqSs,Ugw2BnHQ_BY2VT6bJlx4AaABAg,@jorgeolivercampanales1334,"He consumido cannabis durante m√°s de 20 a√±os, me he informado mucho a base de fuentes variadas. Hay una cuesti√≥n que he echado en falta, un peque√±o error a se√±alar del v√≠deo es que la mayor√≠a de productos de CBD no son obtenidos de plantas seleccionadas, sino que se hace un tratamiento para eliminar el THC, motivo por el cual las flores adquieren un color marr√≥n/gris√°ceo que -subjetivamente- da mal rollito.

Me encantan tus v√≠deos. Gracias por tu labor, un saludo üòä",0,2024-10-04T08:18:00Z
MsumGaNRqSs,UgzYPxDb923Nh_E0VGx4AaABAg,@Estebi2705,"Qu√© preciosa descripci√≥n del v√≠deo, todo con lujo de detalles y las fuentes, me encanta. Estar√≠a genial que hagas un v√≠deo sobre el vapeo.",1,2024-10-04T08:08:45Z
MsumGaNRqSs,UgwgtoA7fugMAwuUDZp4AaABAg,@crissanbar,"Yo uso un vapper de H4CBD (algo m√°s intenso que el CBD) para momentos puntuales de picos de estr√©s y ansiedad, y ayuda bastante, al menos en mi caso

Pero no es algo que recomendar√≠a. Soy consciente de sus riesgos y lo tomo con tremendo cuidado, intentando no crearme rutina o dependencia

Como apunte, tambi√©n est√° el HHC, que es el derivado psicoactivo del THC. Hay un real decreto sobre la cantidad de THC que pueden contener estos productos, y el HHC sali√≥ para esquivarlo jajajaja",0,2024-10-04T07:49:30Z
MsumGaNRqSs,UgxSfF5PAervJsLc--B4AaABAg,@uri7377,"Yo he probado el CBD y me ha ido muy bien para dolores no cr√≥nicos o para relajarme, sin causar adici√≥n",0,2024-10-04T07:48:27Z
MsumGaNRqSs,Ugx9QQ9LIhLofsW6rQN4AaABAg,@battoushay,"Hola,gran video como siempre, podr√≠as hacer un v√≠deo de la sacarina VS az√∫car? Y que efectos beneficiosos o perjudiciales en nuestro organismo. Me da la sensaci√≥n que los estudios que hay est√°n subvencionados por las azucareras, o viceversa, gracias y saludos",0,2024-10-04T07:38:49Z
MsumGaNRqSs,UgzsDI8y0BjWsjaysrF4AaABAg,@jorgevazquez7,"Yo ten√≠a uno l√≠quido con base de cannabis para la psoriasis y que calmara el dolor
No funcion√≥....",0,2024-10-04T07:27:37Z
MsumGaNRqSs,Ugy96vdgQlegucEHEo14AaABAg,@HojitaGore,"Yo padezco de migra√±as intensas y dolores de cabeza. Us√© CBD aislado de una marca mexicana, y el primer mes, cero dolor de cabeza. Para mi fue un parteaguas en mi vida, sin embargo no es un medicamento milagro, es un suplemento y a√∫n sigo sufriendo de migra√±as pero son menos frecuentes. Adem√°s dej√© de tomar m√°s seguido los analg√©sicos fuertes, como paracetamol con cafe√≠na, o ketorolaco sublingual que ya estaban da√±ando mi est√≥mago.",0,2024-10-04T07:24:29Z
MsumGaNRqSs,UgyMmrGJXMxNNd0t5-l4AaABAg,@gusnon,yo se que entraste al video porque te fumas tremendos bates no me enga√±as ü§®,0,2024-10-04T07:06:47Z
MsumGaNRqSs,UgwFfe7taUd-MIH-ked4AaABAg,@davidmon7167,"Me nodo l√≠o. Mejor yo no lo consumir√©.. Por ahora.
GRACIAS.ü§î",0,2024-10-04T06:58:20Z
MsumGaNRqSs,Ugyfs_tPSKdVAcmYUXp4AaABAg,@newboreal869,"yo tenia ansiedad e  insomnio y me recomendaron el cbd para tratarlo y fue increible, empeze a dormir mejor y poco a poco mi ansiedad bajo a niveles que ya ni me acordaba que se podia estar asi, a mi me salvo la verdad, hoy dia sigo tomando porque duermo mejor cuando lo tomo.",1,2024-10-04T06:52:47Z
MsumGaNRqSs,Ugxhfko2YeuCKSs5B4Z4AaABAg,@cedpz,"No s√©, Rick. 11:54",0,2024-10-04T06:48:59Z
MsumGaNRqSs,UgwS_GEmYs0WLQP5ew14AaABAg,@Tooldtodieyoung,"Una peque√±a duda, por lo que tengo entendido el CBD es la molecula antag√≥nica del THC es decir que el CBD suprime al THC por lo que en lo productos con mucho CBD y una cantidad √≠nfima de THC Este primero suprime los efectos del segundo hasta el punto de que no hay riesgo por el THC estamos hablando de proporciones muy desiguales por ejemplo un 10% de CBD y un 0.3 de THC. Es esto cierto?",0,2024-10-04T06:43:07Z
MsumGaNRqSs,UgxDBhZSzthOml6wlGB4AaABAg,@Casiopea333,"Yo padezco de insomnio y quer√≠a probarlo, pero a parte de los efectos secundarios que pudiera tener y no est√©n a√∫n descritos, tengo miedo de que cree dependencia y luego no sea capaz de dormir sin √©l. Creo que faltan muchos estudios todav√≠a, pero ¬øHa le√≠do alguien algo sobre esto?",0,2024-10-04T06:39:05Z
MsumGaNRqSs,Ugw2ous33EOn7p_G3Bh4AaABAg,@da0beat,I per les cames inquietes?,0,2024-10-04T06:27:17Z
MsumGaNRqSs,UgxhPawErgWOG-O_cGB4AaABAg,@Fox10786,Ay√∫dame Hiperactina estoy triste sufro de abstinencia por la cocaina. Que puedo tomar o hacer? De verdad gracias. Mi nombre es Gaston,0,2024-10-04T06:11:56Z
MsumGaNRqSs,UgyydAF9xKiFLgUwOLJ4AaABAg,@gotheando,"Tengo mucho tiempo usandolo y entre las cosas negativas de su uso, es perdida de memoria y otras 4 cosas m√°s que no recuerdo",0,2024-10-04T05:33:38Z
MsumGaNRqSs,UgwQ9oewnoTCnqyB3El4AaABAg,@marianomanrique975,Tu trabajo es maravilloso aunque ‚Äúte hagas bolas‚Äù. Te mando saludos desde M√©xico. Buen tema.,0,2024-10-04T04:51:37Z
MsumGaNRqSs,UgxcQVuxP71_EpzUSJp4AaABAg,@cristhianpinedo9376,A m√≠ me ayud√≥ para el insomnio,0,2024-10-04T04:48:26Z
MsumGaNRqSs,UgwPxKzZG3oJz69_HeN4AaABAg,@pedrosmith4529,"Tengo ansiedad y he probado dos marcas de las mas potentes y con m√°s concentraci√≥n, el efecto es nulo. Creo que es placebo.",0,2024-10-04T04:42:12Z
MsumGaNRqSs,UgyKAdEFeBvCIupVc-14AaABAg,@refreskodelawerdesidrartao8011,"Y el thc pa sclerosis multiple,parquinson,epilepsia o artrosis va bien de forma controlada",2,2024-10-04T04:30:37Z
MsumGaNRqSs,UgwSz6VB7wpFDnzXt_F4AaABAg,@colmilloroto,Haha no mames ando bien Pacheco,0,2024-10-04T04:27:50Z
MsumGaNRqSs,Ugxrnfh9FpqB8kalv1N4AaABAg,@davidz.polleri9867,Habla de hongos como la Melena de leon,0,2024-10-04T03:48:21Z
MsumGaNRqSs,Ugw2Z4SGeKEXUqzfRkd4AaABAg,@martingaido6163,"Yo lo estoy consumiendo para tratar insomnio y ansiedad y siento que ayuda mucho, pero acompa√±ado de la terapia correspondiente. No se pueden esperar milagros",2,2024-10-04T03:38:31Z
MsumGaNRqSs,Ugx-yOe8q2zu6AOPd-h4AaABAg,@hugoandreseslavavalencia,"En mi pa√≠s, venden la marihuana principalmente para el dolor, pero tambi√©n est√° en el limbo entre lo legal e ilegal: se comercializa en tiendas como pomadas, gotas, aceites, suplementos, etc., pero no tiene aval del ente estatal de regulaci√≥n de medicamentos. Lo m√°ximo hasta donde hemos llegado, es que hay autorizaci√≥n para que algunos servicios m√©dicos especializados prescriban f√≥rmulas magistrales a base de cannabis para ciertas condiciones m√©dicas. Pero si vas por la calle, te encuentras a vendedores ambulantes ofreciendo productos a base de marihuana que en realidad son falsos.

¬°Adoro lo que haces! Gracias.",0,2024-10-04T03:24:58Z
MsumGaNRqSs,UgyycIR40SPWsVgueF94AaABAg,@maxymcflygames,"Muy buen v√≠deo, gracias!",0,2024-10-04T03:00:17Z
MsumGaNRqSs,Ugw7QjXRVvvY_K7CATN4AaABAg,@jhoncastro4652,Alguien repaso la unidad de quimica ?,0,2024-10-04T02:35:14Z
MsumGaNRqSs,UgzrAXhTC0a_3c8Mwnp4AaABAg,@ciprianoga929,"Yo hice un estudio con m√°s de 10mil pruebas donde se comprueba que existo solo 1 de 10mil no est√°ba de acuerdo. Pero aqu√≠ estoy, o es IA.",0,2024-10-04T02:29:35Z
MsumGaNRqSs,UgyhrklUGe6eb0XlV8p4AaABAg,@ErickLevee,Le falta una naturaleza.,0,2024-10-04T02:07:06Z
MsumGaNRqSs,UgxMugUdYAm16mKmE2B4AaABAg,@hyunjinrawr3941,Me encantar√≠a ver una colaboraci√≥n entre la hiperactina y Jefillysh,0,2024-10-04T01:58:33Z
MsumGaNRqSs,UgxiX1f722WvCaw_MWJ4AaABAg,@orlandocontrerascastro9472,Ustedes con la mente zanahoria y yo con marihuan4 en la memoria. ü§ü,1,2024-10-04T01:53:40Z
MsumGaNRqSs,Ugx1pbvyE2VxcjURvzN4AaABAg,@PedroGomez-ep2sy,"lo use para dormir y funciino , desde abuenos aires",0,2024-10-04T01:51:41Z
MsumGaNRqSs,UgyDurC4j_QuAM6UVlV4AaABAg,@grabbitacactus1918,Muy interesante. Gracias!! ‚ú®üå±‚ú®,0,2024-10-04T01:49:31Z
MsumGaNRqSs,UgyBWw3-P_2DZ16xy8N4AaABAg,@gerardosantiago6734,üòÇüòÇüòÇüòÇüòÇüòÇ En pocas palabras mercadotecnia barata.,0,2024-10-04T01:07:54Z
MsumGaNRqSs,UgzJ8z9KVCn0eEZAIed4AaABAg,@theknightswhosay-ni,El problema es que pr√°cticamente ning√∫n neur√≥logo est√° dispuesto a recetar CBD para tratar la epilepsia. Siguen prefiriendo volver a los pacientes farmacias andantes que probar algo natural.,0,2024-10-04T01:07:15Z
MsumGaNRqSs,Ugy-3rsyXwfUeqYzTwN4AaABAg,@albertotorressubias6900,"Me hubiera encantado que esa disquisici√≥n sobre los conflictos de intereses en los estudios cient√≠ficos alguien la hubiera hecho all√° por los  a√±os 2020, 2021 y 2022. Aunque seguramente al que hubiera hecho dicha disquisici√≥n lo habr√≠an cancelado y echado a los tiburones. A√∫n siento verg√ºenza ajena por lo que pas√≥.",0,2024-10-04T01:07:11Z
MsumGaNRqSs,Ugw-40npZrDVZzRvnWN4AaABAg,@sebastianahumada9861,Y los bloopers?,0,2024-10-04T01:01:51Z
MsumGaNRqSs,UgzxaUSplR2KQlrJeVx4AaABAg,@eldiego1982,Tengo trastornos del sue√±o y de ansiedad y eh fumado porro y he dormido sin benzodiacepinas....lo dejo cuando quiero...ahora el cbd solo me sirvi√≥ para vapear y bajar para dormir....no siendo efectivo..pero no mejor que el porro...y jamas tuve problemas con el tema de la memoria..,0,2024-10-04T00:59:21Z
MsumGaNRqSs,UgyLef7hHoJf0WPm9cB4AaABAg,@JeSAcGG,üéâüéâüéâ,0,2024-10-04T00:54:22Z
MsumGaNRqSs,UgxsZ5-IeLi3b3WG1tp4AaABAg,@elgatoartesano8238,Muy buen video y todo pero que ganas me dieron de un toque xdxd,0,2024-10-04T00:50:47Z
MsumGaNRqSs,UgyOVHm3hhRHOUqB9F14AaABAg,@bernill6914,"Actualmente se puede vaporizar cbd y thc sin necesidad de que sea algo liquido, la marca DYNAVAP u otras marcas te dan la posibilidad de vapear las flores directamente, sin necesidad de consumir quimicos adicionales ( por supuesto que el cultivo de esa flor sea m√°s o menos √≥ptimo es otra historia).",0,2024-10-04T00:47:16Z
MsumGaNRqSs,UgwZhICOpSwdUUL_Clt4AaABAg,@RafaelMartinez-mu7xy,"Mi esposa tuvo c√°ncer de seno fue sometida a una operaci√≥n de extirpaci√≥n radical de mama con extracci√≥n de ganglios linf√°ticos y nuestra experiencia con el CBD fue excelente para el dolor.
Saludos desde Costa Rica üá®üá∑",1,2024-10-04T00:46:32Z
MsumGaNRqSs,UgzwR4GJBOqkMwPhnyx4AaABAg,@martintapia2316,Pues que yo recuerde..muchos amigos mios usaron el cadavis y quedaron como cadavers..jejejejeeje.. quedaron locos..y ahora resulta que es medicinal..LO UNICO QUE SE QUE LA MARIGIANA ..COMO LE.NOMBREN..PERO LA MARIGUANA..ES LA PUERTA QUE SE HABRW PARA ENTRAR AL.L9CO MUNDO DE LO√ëAS DROGAS...ENTRENLE COMIENSAN CON MARIGUANA Y TERMINAN DE COCOS,0,2024-10-04T00:33:33Z
MsumGaNRqSs,Ugxs5cK_omgJOwbi-Ph4AaABAg,@angelfelicce5888,Siento bastante repulsi√≥n de tu parte con el tema del cannabis,0,2024-10-04T00:30:53Z
MsumGaNRqSs,UgzfEau1oEy5Ase3IuZ4AaABAg,@NuevaCuenta-e2i,A servido para crear la industria... Ahora hay que legalizar la buena mol√©cula y volver a equilibrar las gen√©ticas.. ya que ahora est√°n desbalanceadas para que tengan hasta 30% de thc y nada de CBD... Cuando antes ten√≠a m√°ximo 8% de thc y mas o menos lo mismo de CBD... Si se deja que el marketing de esta planta lo hagan delincuentes pasa lo que pasa... Con esta vas a flipar t√≠o....,1,2024-10-04T00:28:53Z
MsumGaNRqSs,Ugx_rmpVmnuGJjcvF4h4AaABAg,@WALRUS0408,"""No hay sustancia buena ni mala, las personas hacemos a las sustancias como tal a nuestro beneficio""
Todo es bueno y malo a la vez simepre y cuando no hacerlo gon exceso y depende la salud mental y la fuerza de voluntad de cada persona.
Yo soy consumidor de mariguana por mas de 10 a√±os, la je dejado en ocasiones pero fueron pero por otros motivos que no fueron por la planta.
Y puedo decir que si es mala y buena , te ayuda pero como todo a cambio de algo .
Y sabiendo controlarla y saber para que la usas.
Yo la uso para relajarme y dormir pero obvio no todo es color de rosa.
Pero asi es la vida, ni muy muy, ni tan tan como decimos en M√©xico.
Buenos humos a todosüíöüçÅüå¨Ô∏è",0,2024-10-04T00:28:33Z
MsumGaNRqSs,UgyrCuVc1DQinHI4CIx4AaABAg,@juaneduardobasaez6281,Hermosa te amo !!!!!‚ù§,0,2024-10-04T00:28:18Z
MsumGaNRqSs,Ugz1XfAD9UrXeriELpp4AaABAg,@super.merienda,tabaco pol√≠ticamente correcto üö¨,0,2024-10-04T00:25:35Z
MsumGaNRqSs,Ugy_YYoA1dgVj0-4rxt4AaABAg,@ivancamilocabarcas7891,Deberias hablar sobre la diferencia entre el THC delta 9 y el THC delta 8,0,2024-10-04T00:17:21Z
MsumGaNRqSs,Ugx34XHJ3BXznaPIhHV4AaABAg,@LeonSDvant,"Se que todav√≠a es pronto para llegar a una conclusi√≥n, pero despu√©s de cerca de 19 a√±os con problemas para dormir (empec√© a los 14, ahora tengo 33) decid√≠ probar las gomitas de CBD hace unas 3 semanas, desde entonces tengo problemas pero para levantarme, pero honestamenre no son tantos.",0,2024-10-04T00:16:46Z
MsumGaNRqSs,UgxP-IGrTtzfB8Qf6t54AaABAg,@sarauribe2043,Yo viendo este v√≠deo mientras me fumo un porro de CBD para dejar de fumar thc xd,0,2024-10-04T00:16:44Z
MsumGaNRqSs,UgwsY47-J9ezBLVmTiB4AaABAg,@Delois,"Despues de probar varios medicamentos entre otras cosas, lo que mas le ayudo a una amiga para moderar las migra√±as, fue el CBD.
Saludos.",0,2024-10-04T00:13:53Z
MsumGaNRqSs,UgzhkD7lWUdL99wZ5eV4AaABAg,@arielcurra7647,Muy buen v√≠deo,0,2024-10-04T00:09:40Z
MsumGaNRqSs,UgxSRbbsRlDCBNNJ_uV4AaABAg,@isabelangulo3792,Yo estoy pensando en usarlo para los dolores menstruales,0,2024-10-04T00:02:51Z
MsumGaNRqSs,UgzXhqM1-QqIFY2EDZF4AaABAg,@ChristianDGonzalvo1,Yo consumo en gotas y me ha ayudado con el SII.,0,2024-10-04T00:00:24Z
MsumGaNRqSs,Ugw-N978PQaifz7WjwF4AaABAg,@cristianyred,"Llevo casi 5 a√±os consumiendo cannabis, me interesa el potencial medico al respecto, sin embargo no hay resultados concluyentes sobre los beneficios.
Quiero destacar que soy estudiante de 4to a√±o de biotecnolog√≠a y pretendo dedicarme a la investigaci√≥n del area vegetal y fungica",0,2024-10-03T23:57:46Z
MsumGaNRqSs,UgyZtrky0lAw4DtLrat4AaABAg,@emiluh1442,"yo fumo cbd despu√©s de engancharme a los porros, no lo fumo muy a diario, pero es verdad que cuando he tenido mucho estr√©s me ha ayudado a dormir mejor y reducir mi estr√©s.
En cuanto a la adicci√≥n dir√≠a yo que si que estoy enganchada, es decir, no fumo cbd a diario pero por lo menos 1 a la semana me fumo, aunque cuando no he tenido mucho dinero he podido estar sin consumir durante 2 a 3 semanas. Lo malo es que como lo fumo y lo mezclo con tabaco sigue siendo perjudicial pero no tanto como los porros, viendo este video lo m√°s probable es que me pase m√°s al aceite de cbd debido a que no me interesa consumir thc y sobretodo porque lo fumo con tabaco, muchas gracias por la info, necesitaba este video para poder informarme m√°s del tema :D",1,2024-10-03T23:47:02Z
MsumGaNRqSs,UgwG2YS24CHtOVulZZx4AaABAg,@carloscs14,Cuando fumas CBD realmente produce un estado leve de euforia pero sin dejarte en otra dimensi√≥n como el THC. No s√© si ser√° por el efecto sin√©rgico del bajo porcentaje de THC y alto de CBD o porque al provocar un estado de relajaci√≥n te sientes feliz. Eso s√≠ los ojos no se ponen nada rojos.,0,2024-10-03T23:46:26Z
MsumGaNRqSs,UgzShjc0kshn4VeXhAV4AaABAg,@ProfesorGabriel-qb7ux,Holaaa! Podr√≠as hacer un video de como funciona ek veneno en nuestro cuerpo?,0,2024-10-03T23:43:44Z
MsumGaNRqSs,UgzhP-ou2FmLaEVtwhd4AaABAg,@tearsofthegods1748,"Mi t√≠os le daban a su perro (que hab√≠an adoptado hace poco tiempo y con muchos traumitas por abandono) aceite de CBD. 1 o dos gotas en la comida,  y tras unos meses el perro parec√≠a mucho m√°s tranuilo. Sin embargo, al ser un caso concreto, no puedo decir que fuera unicamente al CBD. 
Yo personamente lo he prbado tambien en aceite y las veces que lo he probado he sentido calma y como si fuera un relajante muscular (?). Sin sensaci√≥n de euforia o cualquier distorsi√≥n de la realidad que podr√≠a darme un coloc√≥n con THC.

Gracias por el contenido y por todo el trabajo y cari√±o que le dedicas.  Son muy enriquecedores",1,2024-10-03T23:40:44Z
MsumGaNRqSs,UgyaI46cnpFJQzGdPf14AaABAg,@ronniegarcia2528,"Para la ansiedad, prefiero tomar pasiflora.",0,2024-10-03T23:36:35Z
MsumGaNRqSs,UgygYBaxa0Fa8NfbKjh4AaABAg,@kaikumountain,Yo la verdad que lo he fumado en varias ocasiones con la esperanza de sentir alguno de los efectos beneficiosos de los que hablan ..... pero nunca note nada.,0,2024-10-03T23:32:04Z
MsumGaNRqSs,UgwGzHBI8hkYAsCwi_N4AaABAg,@NoelClemente-g9u,"Hola guapa, puedes hacer un video del minoxidil para la barba?",0,2024-10-03T23:31:13Z
MsumGaNRqSs,UgzlzLQPmFmgTiuCYzV4AaABAg,@9751dani,muy god tu video,0,2024-10-03T23:29:08Z
MsumGaNRqSs,UgzR7QyDFAp_NSKXg8F4AaABAg,@miguelariasramos2071,Yo he probado el cbd en aceite y fumado y siempre me ha ayudado en la ansiedad y para dormir.,5,2024-10-03T23:28:01Z
MsumGaNRqSs,Ugy0lldmoxYbFpV_2Tp4AaABAg,@Roninworld,"el cbd es de indica no sativa porque sativa tiene menos cbd y mas thc, indica mucho mas cbd que thc",0,2024-10-03T23:12:55Z
MsumGaNRqSs,UgwXzqRa-t5zEqu0MwV4AaABAg,@sebas_xs,"Qu√© es el ""coloc√≥n""?",0,2024-10-03T23:07:09Z
MsumGaNRqSs,Ugyw81a8d5_OIMHOE-R4AaABAg,@alfonsocastillo3465,Y las muecas al final del video?,0,2024-10-03T22:57:49Z
MsumGaNRqSs,UgyBAWxmUbbShdMbZGN4AaABAg,@brendamaricel,"Experiencia personal: tomando tintura madre (extracto concentrado) de CBD me hizo sentir mucho mejor a la ansiedad y depresi√≥n, cuando yo lo tomaba solo para poder dormir. La persona que lo hac√≠a dej√≥ de hacerlo, as√≠ que dej√© de tomarlo. Ahora estoy con antidepresivos y me siento como en esa √©poca, as√≠ que creo que funciona. Intent√© tomar de otro lugar, pero ten√≠a bastantes tazas THC y me cay√≥ muy mal, as√≠ que no volv√≠ a intentarlo",0,2024-10-03T22:52:42Z
MsumGaNRqSs,UgyMonQG3y6-yXmLFxV4AaABAg,@rosarios.hurtadosolano2344,"En la Universidad Nacional de Hurlingham (Argentina) se est√°n haciendo investigaciones con el cannabis para respaldar su capacidad antibi√≥tica y antinflamatoria. 
E incluso kits para medir la calidad de la planta en cuanto al contenido de CBD o THC.",0,2024-10-03T22:44:10Z
MsumGaNRqSs,UgwwV1-G5sbqE8eetBd4AaABAg,@anaprados6926,"No se si sera efecto placebo pero me ayuda mucho con la regla, y como apenas bebo y no tomo ningun medicamento, creo que estoy okeyüòÖ me ha parecido muy interesante el video, gracias por todo el trabajo ‚ù§",0,2024-10-03T22:33:00Z
MsumGaNRqSs,UgwJwYi7aASvNRhKaY94AaABAg,@El_DudeD,"All√° por 2022, cuando me pill√≥ el covid por banda, mis s√≠ntomas eran fiebre alta, un poco de tos y mocos, malestar general y un dolor tremendo en las articulaciones.

(Nunca me dolieron tanto los huesos y los m√∫sculos,de verdad, parecia q me estaba rompiendo en trozosüò¢)

As√≠ que, despu√©s de darme una ducha fr√≠a para bajar la temperatura, pens√© que lo mejor era hacerme un porro con la hierba que me dejaron los colegas en una fiesta q hicimos en casa unos dias antes, por lo menos el coloc√≥n me calmaria un poco..
(Pienso q fu√© ah√≠ donde donde pill√© el covidüòÖ)

La hierba en cuesti√≥n no me coloc√≥, pero si alivi√≥ ese tremendo dolor de huesos.

Cuando me recuper√©, le pregunte por la hierba al due√±o de la susodicha, la sorpresa q me llev√© fu√© que me dijo que era CBD.

As√≠ que en ese caso concreto, pienso que me ayudo con el dolor.üòä

O quiz√°s fu√© un efecto placebo propiciado por el hecho de pensar que un ""coloc√≥n"" me haria calmar ese dolor?ü§î

En fin, gracias por la info‚ù§, y perd√≥n por el tost√≥n.üòÇüòÇüòÇ",0,2024-10-03T22:32:37Z
MsumGaNRqSs,Ugwq6JCom4Ie_baQc5R4AaABAg,@elsondie,"la planta del cbd, osea en forma de cogollo, tieene que tener menos de un 2% de thc, asi que no tiene peligro esa minima cantidad de thc",0,2024-10-03T22:28:51Z
MsumGaNRqSs,Ugwo2C9pkT_uTzNG5Wl4AaABAg,@cesarhernandezjimenez132,muy buen video,0,2024-10-03T22:26:28Z
MsumGaNRqSs,UgyddgQQQL5KJFoOD9p4AaABAg,@omgabaddon,"Gracias por el video, mis sospechas quedaron confirmadas. Como te lo curras! <3",0,2024-10-03T22:16:13Z
MsumGaNRqSs,UgywiHuVVr_-pGdptuV4AaABAg,@javierfernandoagudelogomez1794,Entonces las cremas que dicen contener CBD que se venden para el dolor muscular no esta demostrado a√∫n que funcionan?,0,2024-10-03T22:16:02Z
MsumGaNRqSs,UgylXj4PJLwENowjTpR4AaABAg,@reibax,Me he quedado con las ganas de concer un dato: ¬øQu√© riesgo hay de dar positivo en un control de tr√°fico si consumes CBD por v√≠a oral?,1,2024-10-03T22:14:38Z
MsumGaNRqSs,Ugx05qPqnJKS38-M_qV4AaABAg,@latin100x100southern,"Desinformaci√≥n se llama lo que acabas de hacer, yo no tengo bruxismo o como se escriba gracias al Cbd, a muchos animales y ni√±os se les da para la epilepsia y esta casi que desaparece o son ataques muchos m√°s leves, conozco varios casos cercanos, personas que lo usan para dolores de quimioterapias, lo que no puedes es meterle marketing al Cbd y venderlo para que se te ponga m√°s grande como hacen tiendas que no saben ni lo que es el CBD‚Ä¶.En fin me gustaba tu contenido pero eres una m√©dico pro farmac√©uticas, suerte con tus huesos.",0,2024-10-03T22:13:14Z
MsumGaNRqSs,UgyWdSwUS6NU6sngSip4AaABAg,@maryhernandez3804,"Hola Sandra, gracias por esta info tan interesante üôå Ser√≠a genial que hicieras un v√≠deo sobre como funcionan los antidepresivos, sedantes o inmunosupresores en el cerebro... Sent√≠a curiosidad sobre como funcionan medicamentos como el Prozac o el Amprazolam e intent√© leer algunos art√≠culos m√©dicos, pero la verdad me pareci√≥ complejo ü§î Al parecer es algo un poco tab√∫ de preguntar en mi lado del mundo y las personas que me han compartido como se sintieron al usarlos no tuvieron buenas experiencias... Tambi√©n me da curiosidad, porque por ejemplo, el cine americano bromea sobre esto como si fuera cualquier cosa... En cualquier pel√≠cula o serie hay alg√∫n personaje que habla de tomar Valium o prozac como si fuera un chiste, entonces es como üôÉ ‚ùìGraaaacias ‚ú®",0,2024-10-03T22:10:20Z
MsumGaNRqSs,UgxGp7A90fS-gsbv8D54AaABAg,@pedrobiologia9423,Contiene publicidad (yo aviso).,0,2024-10-03T22:00:33Z
MsumGaNRqSs,Ugxvy0PEJMjxrisvvZ14AaABAg,@esjomoch,"yo lo us√© por transtorno del sue√±o, funcion√≥ la primera vez y nunca m√°s üò°, aparte de ser car√≠simo, es basura üëé",0,2024-10-03T21:57:31Z
MsumGaNRqSs,Ugya8TvQnNhvYN84KGd4AaABAg,@nmmmimoko2375,"Sandra, a mi madre (83 a√±os) hace unos 6 meses su farmaceutica le recomendo parches transdermicos de cbd para el dolor, y te ha ido tan bien que ha dejado el zaldiar..",1,2024-10-03T21:48:47Z
MsumGaNRqSs,Ugzz_mbipd3-xdNV6Il4AaABAg,@EdgardoAguilar-u6u,"Coloca dependiendo del CBD, yo con ansiedad compre uno de la ciudad, fui al gym y me sent√≠a con mucho v√©rtigo la m√∫sica era ruidosa, me engente horrible tuve que salir, cuando vi el CBD pon√≠a que pod√≠a tener thc, entonces si me pego feo por mi ansiedad, compren uno de calidad de laboratorio, esos dicen que si funcionanüò¢",0,2024-10-03T21:45:54Z
MsumGaNRqSs,Ugyzv9U-J2brYRWXmS94AaABAg,@alfredodejuan390,"Creo que el bombo es por las pel√≠culas en las que aparecen en las nubes y diciendo que tienen receta m√©dica, por tanto, legal. Pero como bien dices, para tal fin solamente son legales las extracciones o plantas con muy bajo contenido en THC, o nulo.

 Inteligencia les sobra. Aqu√≠ sembr√≥ un agricultor c√°√±amo (industria textil y papelera) para probar la rentabilidad del cultivo y cuando fue a cosechar result√≥ que s√≥lo la parte a la vista estaba en buenas condiciones, el resto estaba como si fuese un jard√≠n para elefantes.",0,2024-10-03T21:43:06Z
MsumGaNRqSs,UgwnDoVdsoJdImpNQtl4AaABAg,@annapadulles6725,üéâ,0,2024-10-03T21:39:44Z
MsumGaNRqSs,Ugx0G436Tt4LN2oTHFl4AaABAg,@guillermocordova3901,Un video sobre el thc,0,2024-10-03T21:29:47Z
MsumGaNRqSs,UgxmXM2dmxmex3cfuqh4AaABAg,@SpaceMonkeyHank,9:05 y el Parkinson?,0,2024-10-03T21:20:03Z
MsumGaNRqSs,UgweJOrd4XXLFlSg3VJ4AaABAg,@heroism_,"A m√≠ el CBD del 20% me ha ayudado mucho con mis dolores menstruales, ni con los medicamentos m√°s fuertes se me quita del todo el dolor, pero tomando el CBD unos d√≠as antes y durante el periodo he mejorado mucho con el dolor, ya no tengo que tomar tanta medicaci√≥n.",1,2024-10-03T21:15:15Z
MsumGaNRqSs,UgzZTtQIdC-t11b6vJl4AaABAg,@simonisski,"Nunca dejes de hacer estos videos, eres una jodida crak. Recipilas info de prehuntas t√≠picas de la vida y haces videazos para todosls p√∫blicos, 100% fan",0,2024-10-03T21:12:58Z
MsumGaNRqSs,UgyY37yLGkUb3dg86WF4AaABAg,@ceciliablanco3167,Conoces el trabajo de la doctora Cristina S√°nchez sobre c√°ncer de mama y canabis? De la Universidad Complutense de Madrid. Ella investiga la reducci√≥n de la carga tumoral. Y tengo entendido que sostiene que el thc es tan importante como el cbd y los dem√°s componentes de la planta.,0,2024-10-03T21:11:54Z
MsumGaNRqSs,UgxDnoIQ9-dPw6D2aTp4AaABAg,@aryubiin,"Enhorabuena por el v√≠deo! Se nota el gran trabajo que hay detr√°s y compactarlo en 15 minutos de una forma tan bien explicada tiene mucho m√©rito. He echado en falta las tomas falsas, eso s√≠. Me resultaba curioso la cantidad de locales que comercializan sus productos y ahora me inquieta m√°s sabiendo que hay alg√∫n resquicio legal.",0,2024-10-03T21:10:05Z
MsumGaNRqSs,UgzqrS-hGUnkJEB_iGZ4AaABAg,@winterwite21,wow,0,2024-10-03T21:10:01Z
MsumGaNRqSs,UgwHp7B4ZYWntQ5AqPV4AaABAg,@avionitoo,"Tengo s√≠ndrome de espalda fallida tras una operaci√≥n en la que me insertaron barras y tornillos en la espalda pero no consiguieron quitarme el dolor que me produce la espondilolistesis con lisis de ped√≠culo, tomo analgesia muy fuerte (oxicodona) pero nada, compr√© una crema con cbd en amazon y me la pongo de vez en cuando, hay veces que me calma un poco el dolor y otras no, siento calor; pero al no ser siempre efectivo no se si cuando tiene efecto es por el cbd o por mi analgesia m√©dica, porque no soy capaz de dejar mis prescripciones m√©dicas por lo horrible de mis dolores que me mantienen encamado cadi todo el d√≠a. Lo que s√≠ tengo que decir es que estoy enganchado a la medicaci√≥n y si me olvido alguna toma lo paso bastante mal.",0,2024-10-03T21:08:30Z
MsumGaNRqSs,UgwSHXylzf4LD9wxsB94AaABAg,@jacobalcuadrado5765,Que no dice xD,0,2024-10-03T21:06:28Z
MsumGaNRqSs,Ugyf6DO4SSbYrTmtVvF4AaABAg,@fernandocentenomares3854,11:53 cazados üòÇüòÇ,1,2024-10-03T20:58:59Z
MsumGaNRqSs,UgyVihp3gCEPGoLpLr54AaABAg,@Gabikalimotxo,yo estoy ahora con el HHC y coloca igual que el THC xdddd,0,2024-10-03T20:58:12Z
MsumGaNRqSs,UgwRlfoNGGEc9l1Efhp4AaABAg,@diegomartinsanchez5248,No sirve. Es una pantalla para normalizar el consumo de drogas y confundir a la poblaci√≥n con temas de salud. ‚ù§,1,2024-10-03T20:50:04Z
MsumGaNRqSs,Ugwg_faR-tOjf3w9wS54AaABAg,@HerlesVelasco,"¬øSer√° que se viene alguno sobre psilocibina, lsd y MDMA? ü§î",0,2024-10-03T20:43:45Z
MsumGaNRqSs,Ugz-n3Byc4BIBYv0Dfp4AaABAg,@DingiestZeus,"Pues yo conoci personas que tenian problemas de insomnio y les ayudo bastante a poder dormir, pero yo sinceramente jamas lo he probado asi que ahi lo dejo.",0,2024-10-03T20:41:26Z
MsumGaNRqSs,UgyPBifeACR4d2JE-Vd4AaABAg,@belisariochaboux9872,Excelente informaci√≥n Sandra!!! Me gust√≥ mucho to investigaci√≥n y tu gran sinceridad o transparencia sobre lo que dice la investigaci√≥n cient√≠fica,1,2024-10-03T20:35:06Z
MsumGaNRqSs,UgxuM7pfd1oB3gmIERx4AaABAg,@Mar√ßalMolasPou-y7i,"Muy buen video üòä,  felicitaciones",0,2024-10-03T20:33:33Z
MsumGaNRqSs,UgwPebouOF-lLfFOPJZ4AaABAg,@TheVaivoda,"Yo lo he usado durante un mont√≥n de tiempo y no tengo problemas de memoria. Adem√°s, yo lo he usado durante un mont√≥n de tiempo y no tengo problemas de memoria.",367,2024-10-03T20:32:11Z
MsumGaNRqSs,UgzTOy5RUTMxw7hiU5p4AaABAg,@anjosdarkness1015,"normalmente los productos con cbd se suelen vender como cualquier otra cosa, ya sea desde sales de ba√±o a inciensos, con lo que se pueden saltar varias normas sanitarias.
Hoy por hoy ya existen hibridos de plantas de maria que no producen ni un 1% de THC, pero ning√∫n ""cultivador"" las va a comprar porque no van a ganar dinero con ellas, con lo que solo se vender√°n si cambia la legislaci√≥n, porque manda narices que en espa√±a se pueda cultivar para empresas de otros pa√≠ses europeos como cannabis medicinal, pero sea ilegal hacerlo para venderlo aqu√≠. (y lo digo porque un conocido ten√≠a una hect√°rea plantada a la que le hab√≠a alquilado el terreno a una empresa belga y, ten√≠a todos los papeles en regla cada vez que le visitaba la GC).",0,2024-10-03T20:28:16Z
MsumGaNRqSs,Ugw1VhOulJPeli6yQhJ4AaABAg,@hugoalbertopalmazelada,"me encanta este canal un tema bastante interesante, y encuentro razon en lo que mencionas en el video mejor tener precaucion nunca es bueno la automedicaci√≥n cosa que pasa mucho lamentablemente saludos.",0,2024-10-03T20:28:09Z
MsumGaNRqSs,UgygB8MZKmN_1WkARK54AaABAg,@histar28670,"A mi un veterinario, me lo recomend√≥ para la artrosis de mi perro, ...no not√© mejoria",0,2024-10-03T20:27:25Z
MsumGaNRqSs,UgxsVId0cwf-4Z_Pntt4AaABAg,@danielchaves3394,Mi experiencia con el aceite de CBD es que no funciona para la ansiedad o para calmar sintomas relacionados con una hiperactivaci√≥n del intestino causada por el IBS.,0,2024-10-03T20:20:42Z
MsumGaNRqSs,UgxK8oa1ngFilYyvLJB4AaABAg,@SrCesar0,"Y tambi√©n el tama√±o de la muestra es un dato de importancia que puede introducir errores estad√≠sticos, a mayor tama√±o, m√°s fiable el resultado",0,2024-10-03T20:14:14Z
MsumGaNRqSs,Ugzt3RX3ctYR2CSaecR4AaABAg,@carolina2914,"En Chile est√° autorizado el uso de cannabidiol, es una muy buena opci√≥n. Yo dej√© de tomar 5 medicamentos diarios por el vap y aceite.
Es una muy buena opci√≥n para quienes sufrimos de dolor cr√≥nico.",1,2024-10-03T20:11:21Z
MsumGaNRqSs,Ugxzv5eU3H3C0t3mHQ94AaABAg,@G-arci21,"Gracias por hablar sobre el Cannabis, es dificil desmentir e informar al respecto",3,2024-10-03T20:06:56Z
MsumGaNRqSs,UgxO1sMuDdkFZ6orq-V4AaABAg,@zarkabu,"El cbd es muy bueno para el dolor pero el componente que coloca suele estar siempre al menos en los que yo he comprado y hay personas que les genera mas adicci√≥n o se colocan mas f√°cil que otras, lo peor que esas personas sin darse cuenta les da s√≠ndrome de abstinencia y se vuelven muy irascibles",3,2024-10-03T20:06:23Z
MsumGaNRqSs,Ugzgb_Xi0PUMYSOIzLN4AaABAg,@Divergiendo,la alegalidad insta al coleccionismo,0,2024-10-03T20:02:26Z
MsumGaNRqSs,Ugy2oX55AOydbJDJYl54AaABAg,@MATHIASJATI-x2h,BUEN VIDEO üòéüëå,0,2024-10-03T19:45:16Z
MsumGaNRqSs,Ugxj5NrEY1yfr_RY_iB4AaABAg,@amaurimaltos1709,Comentario üòä,0,2024-10-03T19:40:57Z
MsumGaNRqSs,UgxkvfWSByPtzRnh6JB4AaABAg,@agalvezcaselles,"Pues yo lo he fumado y vapeado y no me quita la ansiedad, por mucho q le d√©",0,2024-10-03T19:39:46Z
MsumGaNRqSs,UgyVtu23s052TZ-Xx-Z4AaABAg,@Seisgea,"Se me ha hecho muy curioso en la parte donde habla de los conflictos de inter√©s, quiero decir me parece correcto pero jurar√≠a que no hizo tal cosa en el video del caf√©, una industria que genera m√°s dinero que el tabaco y el alcohol, con m√°s de un 60% de la poblaci√≥n enganchada (incluido el 60% los investigadores que realizan estudios). No existe una droga con mayor sesgo social e intereses privados, la gente lo bebe a cubos, la mitad de la poblaci√≥n va por la vida como si desayunasen cocaina y admiten abiertamente que no pueden funcionar sin √©l. Quien no vea ah√≠ un problema social y conflictos de inter√©s es porque se ha metido 4 dosis en las √∫ltimas 6 horas.",53,2024-10-03T19:37:54Z
MsumGaNRqSs,Ugy5qtrQS9qh-TWUF014AaABAg,@JotaPerea,"Lo he tomado para dormir y ayuda, pero tampoco es gran cosa...",0,2024-10-03T19:37:42Z
MsumGaNRqSs,UgzNoDA--0AonDv5oMF4AaABAg,@quimeraantonius5419,Menuda chapa chata xD al final ni sabemos si funciona o no acu√©state jaja,2,2024-10-03T19:35:49Z
MsumGaNRqSs,UgwqG_Sv7MwDduk2s8t4AaABAg,@fcpcf2001,"Yo probr√© ""DOLICBD Cannabidiol Romero y √Årnica"" para uso t√≥pico por un dolor de lumbago y sus efectos fueron superiores (aunque igual de temporales) que otras pomadas frente al dolor. Not√© una sensaci√≥n agradable de relajaci√≥n muscular en la zona y pr√°cticamente dej√© de sentir dolor, aunque fuera s√≥lo por un par de horas.",3,2024-10-03T19:35:09Z
MsumGaNRqSs,UgwUTdpkGxMBg2JY-0l4AaABAg,@originaljefemastro,"Yo tom√© CBD por 3 meses para tratar mi ansiedad e insomnio y no obtuve ninguna mejora, nunca not√© ning√∫n cambio bueno o malo. Quiz√°s para la epilepsia si sirva pero para el insomnio y la ansiedad yo no lo recomendar√≠a.",34,2024-10-03T19:33:37Z
MsumGaNRqSs,UgyvFqytpstmxNLn4HN4AaABAg,@timthomson5674,"Mi experiencia: yo encontr√© al cannabis como controlador de mi ansiedad (por traumas de ni√±ez).
He vivido en varios pa√≠ses, y por cuestiones legales, he tenido que recurrir al CBD o THCA. El CBD ayuda, pero no es lo mismo. El THCA, ayuda un poco m√°s (y coloca) pero no es del todo lo mismo.
Mi conclusi√≥n es que son necesarios varios o todos  los cannabinoides para mi ansiedad.

Experiencia de un amigo con su madre con esclerosis m√∫ltiple: Le cambi√≥ la vida. Casi no sent√≠a dolor al caminar (cannabis 100%).

Cuando hablaste de vapear hablaste de los l√≠quidos, no de hojas de tabaco o cannabis, por lo que no hay combusti√≥n ni qu√≠micos artificiales en este √∫ltimo caso. Ojal√°s hagas un video sobre esto.

Muchas gracias!",1,2024-10-03T19:32:01Z
MsumGaNRqSs,UgwYK8IR7TtdiULpZmh4AaABAg,@Bluebecquer,"Resumiendo: el CBD s√≥lo tiene defensores entre quienes est√°n implicados en sacar pasta gansa a costa de la generaci√≥n Z y retrasados mentales similares, lo cual ‚Äì¬°qu√© casualidad!‚Äì incluye a pol√≠ticos de cierto espectro ideol√≥gico, interesad√≠simos en el posible r√©dito electoral que puedan obtener de dicha generaci√≥n Z y otros colectivos analfabetos.",0,2024-10-03T19:29:20Z
MsumGaNRqSs,Ugyrss6SPWj2dBaO2gx4AaABAg,@mastermlg7778,"Como te amo Hiperactina, justo estoy en una investigaci√≥n del tema ‚ù§",0,2024-10-03T19:28:49Z
MsumGaNRqSs,Ugx1KVBAFWe8Z2CLVlF4AaABAg,@kHrL1559,"Gracias por hacer estos videos tan necesarios. Lastimosamente los estudios sobre cannabinoides se complican precisamente por el caracter ilegal de la planta en muchos pa√≠ses.
¬øQu√© hay de los hongos de psilocibina? Ser√≠a muy interesante un tema sobre eso y sus efectos terap√©uticos que est√°n sonando tanto como los del CBD. Ojal√° lo consideres, tambi√©n ser√≠a muy √∫til :')",8,2024-10-03T19:27:13Z
MsumGaNRqSs,Ugz3JO1JEPk9Bym4kYR4AaABAg,@relickhd1071,"Por que dices que el THC es adictivo? Nunca he encontrado un estudio que lo demuestre, al igual que el hecho de que provoque o active enfermedades mentales, no lo desmiento solo quiero saber que estudios son o en que te basas, me interresa, ya que nunca he encontrado nada lo suficiente serio o seguro como para poder afirmarlo o negarlo. Llevo mucho tiempo informandome de el tema y me parece que has hecho muy buen trabajo, incluso te animaria a hacer un video respecto al THC, yo lo veria, muchas gracias, un saludo y buen dia.",0,2024-10-03T19:22:55Z
MsumGaNRqSs,Ugz78Z-AOB91ifQbtd14AaABAg,@PatoB.B999,Sigo prefiriendo mis gotitas naturales estractos de manzanilla o valeriana para  dormir o relajame menos da√±o secundarios solo es conseguirlos en una buena farmacia natural,1,2024-10-03T19:21:28Z
MsumGaNRqSs,UgwlVhVKmAsOahyRqGp4AaABAg,@albaginer5214,"me recetaron CBD con el objetivo de ayudarme a dejar de fumar cannabis para dormir. bien, no me hace absolutamente nada y esto lo comparto con la mayor√≠a de fumadores. es principalmente placebo",0,2024-10-03T19:20:01Z
MsumGaNRqSs,UgwZTA9BbUcrm4T4ljx4AaABAg,@LuisCarlos-kp6jq,8:55 cbd en la epilepsia,0,2024-10-03T19:18:45Z
MsumGaNRqSs,Ugzr-WUcWmtvMTZstTt4AaABAg,@TheXxLEONIDASxX,"Yo fumo cannabis desde hace 9 a√±os, y soy un adicto, obviamente toda droga genera adicci√≥n, pero eso no me ha obstaculizado el hacer mi vida, tengo un empresa en l√≠nea donde vendo productos de tecnolog√≠a, soy profesional en comunicaci√≥n e inform√°tica, doy asesor√≠as para proyectos de investigaci√≥n y todo lo hago bien drogado, mi conclusi√≥n es que las drogas no son para todo el mundo, y menos para las mentes y car√°cter d√©biles, el que se da√±a su vida por ""culpa de la droga"" Se iba a da√±ar la vida de cualquier modo, la droga es solo la excusa del d√©bil para enga√±arse a s√≠ mismo y no darse cuenta que la culpa siempre es de UNO MISMO.",0,2024-10-03T19:18:20Z
MsumGaNRqSs,Ugxsl0oUHdVReXEjLH94AaABAg,@nalizave18,"En Argentina tenemos el caso de MAM√Å CULTIVA que fue iniciado por las madres de ni√±os con epilepsia fractaria, ya que impuls√≥ a comprender mediante la ciencia que es muy seguro frente a los f√°rmacos indsustriales, adem√°s de romper el tab√∫ de la criminilizaci√≥n. En Argentina la situaci√≥n es m√°s laxa, los tratamientos m√©dicos y productos como cremas topicas est√°n autorizados, y existe la licencia REPROCANN (REGISTRO DEL PROGRAMA DE CULTIVADORES DE CANNABIS ) que permite que una persona cultive hasta 9 plantas, transporte 40g de flores secas y 9 goteros de 30mm. Este documento es previamente autorizado por un m√©dico que realiza un an√°lisis sobre porque la persona necesita acceder al tratamiento y el estado le otorga la licencia por un periodo de 3 a√±os a renovar (Esquizofrenia, Parkinson, Alzheimer, Determinados canceres, Dolor articular, reuma, fibromialgia y un largo etx etc....) Yo en mi caso lo uso para un cuadro de depresi√≥n ansiosa. 

Tambi√©n contamos con estudios much√≠simo mas avanzados en el area realizados por por el propio ESTADO mediante los cient√≠ficos de CONICET. Esto quiere decir que no solo est√°n permitidos los tratamientos, el producto y el cultivo, sino que tambi√©n se incentiva a los cient√≠ficos y a la industria que existe al rededor de la planta, con evento como la Expo canabbis (Una exposici√≥n de 3 d√≠as) se puede ver incluso que se venden los esquejes de cannabis sativa con su ficha de porcentajes de THC/CBD pudiendo elegir tambi√©n plantas completamente medicinales (Las que no colocan). En este caso cuentan con un QR que es como el DNI de la planta, que est√° registrada en el organismo INASE (Instituo Nacional de Semillas) y SENASA (Servicio Nacional de Sanidad y Calidad Agroalimentaria)

Finalmente quiero decirte que adem√°s de que aprecio tu trabajo, entiendo tu punto de vista y advertencias por la diferencia entre legislaciones y estudios, las regulaciones son diferentes en cuanto a estos campos seg√∫n la regi√≥n, Europa tiene unas leyes muy determinantes que limitan tambi√©n a los cientificos, adem√°s pienso que el hecho de que existan distintos actores para el patrocinio de los estudios no es de por si una cuesti√≥n de intereses, a ver, hayyoutubers tienen patrocionios de casas de apuestas que son peores que el cannabis . 

Gracias por leerme, te admiro y te quiero mucho Sandra, saludos desde Argentina",0,2024-10-03T19:17:01Z
MsumGaNRqSs,UgyBqOLBxVbJFgscIXN4AaABAg,@smookersmith,"El thc es remedio para mi alma, si el cbd le sirve a la gente con dolores especificos a tope con ello",0,2024-10-03T19:16:56Z
MsumGaNRqSs,Ugx4XM-HFCL2pLIDZZ14AaABAg,@rogeliogonzalez6321,üëçüëçüëç,0,2024-10-03T19:13:22Z
MsumGaNRqSs,UgxcOj3A6RVHdukow6t4AaABAg,@vickyrodriguez5758,Yo ten√≠a entendido que  mejoraba la espasticidad  en la esclerosis m√∫ltiple,1,2024-10-03T19:10:52Z
MsumGaNRqSs,UgzvfyPfqlL9GMRGkhx4AaABAg,@williamgarciaherrera6736,El problema es que lo mas interesante es el coloc√≥n üòÖ,0,2024-10-03T19:08:35Z
MsumGaNRqSs,UgyBDuGIKGXIfbnVPZR4AaABAg,@Marlowe1709,"Es que parece ser que Sandrita no se ha fumado un porrito nunca... o a lo mejor si, quien sabe! Al que fuma y le gusta la marihuana, la ama, pese a que no sea consumidor frecuente. Yo casi ya ni fumo, y le tengo mucho cari√±o a la marihuana, es decir al THC/CBD. Claro, hay que ir con prudencia y respeto si sufres de predisposici√≥n a la ansiedad y a los malos viajes.",1,2024-10-03T19:07:29Z
MsumGaNRqSs,UgyQ0DLhq5RAZKDEzW14AaABAg,@juanmanuelalvarezcalero1294,Yo lo use durante cuatro meses y no not√© mejor√≠a en nada de lo que se le atribuye.,0,2024-10-03T19:02:54Z
MsumGaNRqSs,UgxoVb_yhorMTTn8CRd4AaABAg,@elvespistao,"A d√≠a de hoy, he probado el CBD para dejar de tomar tramadol y otros medicamentos para el dolor y siendo honesto, ni  tomando la dosis maxima, en gotas, ni super√°ndola he notado calma en la intensidad del dolor o mayor relajaci√≥n.",36,2024-10-03T19:01:55Z
MsumGaNRqSs,UgyUurE8CwHLjpbGE0N4AaABAg,@crazybarley4817,"1:57 Una peque√±a correcci√≥n: No solo la planta Cannabis Sativa lo pruduce, sino tambi√©n Cannabis Indica etc. Sativa/Indica son palabras para distinguir entre varios tipos del Cannabis.
Saludos desde Alemania",7,2024-10-03T19:00:59Z
MsumGaNRqSs,UgwqXmXO4RS9lUIG3Ux4AaABAg,@Marlowe1709,Gracias Sandra. Loviu desde Colombia.,0,2024-10-03T18:58:21Z
MsumGaNRqSs,Ugyu_UeprAwyyakXHDF4AaABAg,@carinatorres736,"Pues se me hace interesante que como conclusi√≥n se opte por crear cbd  SINT√âTICO y no natural de esa o alg√∫n otra planta, estamos hasta el tope de cosas sinteticas como para meter m√°s a nuestro cuerpo productos derivados de petr√≥leo y enriquecer mas a sus ya multimillonarios due√±os üòï",0,2024-10-03T18:53:33Z
MsumGaNRqSs,UgwLKXZk23xoXMUzkDh4AaABAg,@cristianguerrra,excelente canal espero alg√∫n d√≠a se hable solo el tinittus o como se dice zumbidos de o√≠dos saludos desde chile,0,2024-10-03T18:52:28Z
MsumGaNRqSs,UgzDZL9nn7rCnS9iEHF4AaABAg,@winfredomgunther,"El ibuprofeno es mucho m√°s fuerte,  yo vivo en uk, aqu√≠ se vende pero para conseguir resultados como el ibuprofeno hay que dejar un dineral",0,2024-10-03T18:48:04Z
MsumGaNRqSs,UgyQIhBoH5qY4AHRUQh4AaABAg,@0ISRMTZ0,üíúüíúüíúüíú,0,2024-10-03T18:43:20Z
MsumGaNRqSs,Ugyu9AZcXdOaju1OKcN4AaABAg,@mely0466,"Lo has clavado, yo justamente con lo desesperada que estoy con la ansiedad estuve buscando y viendo sobre el CBD.
Realmente muchos de estos productos tienen THC lo cual no me sonada bien. 
Me apena tanto porque realmente estoy desesperada, pero al parecer tendr√© que vivir con ello de forma totalmente natural... :(. Gracias por hablarlo, realmente ayuda much√≠simo para tomar una decisi√≥n propias.",0,2024-10-03T18:43:15Z
MsumGaNRqSs,UgzEU8V51gjrkbU6Ap14AaABAg,@baiona9403,"Buenas, un peque√±o apunte jur√≠dico: como bien dices puedes comprar CBD en planta incluso por internet de forma legal. Ellos te especifican que no es para consumo humano sino para uso ornamental (velas, incienso...). As√≠ se lavan las manos.",46,2024-10-03T18:42:44Z
MsumGaNRqSs,UgxRdbDemhovbTsQe-l4AaABAg,@serchroy10,3:19 No me esperaba ese pelotazo!,1,2024-10-03T18:41:55Z
MsumGaNRqSs,Ugxun9KAM_ZreZhsF7t4AaABAg,@fernan0921,"Vivo en frontera (Tijuana, Baja California) y aqu√≠ est√° muy loco como se comercializa todos estos productos pero son de muy libre accesibilidad...",0,2024-10-03T18:41:32Z
MsumGaNRqSs,Ugy_WDMAORJLfvEFJG54AaABAg,@keith_emerson,"Una cosa que me pregunto: En relacion con otros medicamentos para los mismos problemas, como se compara el CBD? Cual seria la ventaja comparativa?",0,2024-10-03T18:38:00Z
MsumGaNRqSs,Ugwe-6xY8sfoG7_Y-oR4AaABAg,@nalizave18,"Gracias por la info sandra, pero e simportante aclarar que hay aceites que tienen una proporci√≥n 1/1 entre THC y CBD y son mas efectivos para determinados tratamientos. Hermoso video super informativo y util, a seguir as√≠",1,2024-10-03T18:36:44Z
MsumGaNRqSs,UgwAOj0N7_-2svT52l14AaABAg,@Doriimin,‚ô°‚ô°,1,2024-10-03T18:36:21Z
MsumGaNRqSs,UgxD2Zq26uoqvh6rXRR4AaABAg,@imalgine1470,Yo tengo artritis y me va genial para el dolor... Placebo?  No se... Me funciona,1,2024-10-03T18:34:16Z
MsumGaNRqSs,UgzvbA5N0kwXFxnkK954AaABAg,@javiroman7236,üòä‚ù§,0,2024-10-03T18:31:49Z
MsumGaNRqSs,UgwwpJrdKl_iCq3cnw14AaABAg,@85Spawn85,"En cuanto al CBD, despu√©s de muchos a√±os de fumar marihuana, a sus efectos los calificar√≠a como Mild, suavesito suavesito.",0,2024-10-03T18:25:21Z
MsumGaNRqSs,UgyKzZsm9FgX5OrZk3R4AaABAg,@eduardobellon1892,"Incre√≠ble el timing de este v√≠deo Sandra
Estaba justo buscando informaci√≥n acerca del CBD para conocer base cient√≠fica, posibles efectos secundarios y, sobre todo, interacciones con otros f√°rmacos.
Mil gracias por leerme la mente! üòÇüòÇ",1,2024-10-03T18:24:31Z
MsumGaNRqSs,Ugx1dqDsG0NEeEX512l4AaABAg,@javieracosta2340,Yo conozco a quien la lleva fumando 20 a√±os y no se le ha hecho vicio üòÖ,0,2024-10-03T18:23:29Z
MsumGaNRqSs,Ugzu2ponzLPQy6QgNfp4AaABAg,@oriolbaucellsmora6686,"No hay que olvidar las propiedades medicas del THC, a parte de las recreativas, claro",4,2024-10-03T18:21:26Z
MsumGaNRqSs,UgyeDrK6K1YUErbHER94AaABAg,@miguel-ssj2492,"La verdad uso gotas de CBD y me ayuda mucho cuando me entra la ansiedad, hasta tomo menos pastillas que antes!!",2,2024-10-03T18:21:07Z
MsumGaNRqSs,UgwlEUdMKG5HfFaoGdZ4AaABAg,@PercyViF,Yo lo prob√© en crema para un golpe en el tal√≥n y no sent√≠ ning√∫n efecto. Sent√≠ que el dolor se fue desapareciendo de manera natural,0,2024-10-03T18:13:26Z
MsumGaNRqSs,UgxabFv4CNoeF2yTiQx4AaABAg,@kayorosas3777,"A mi mam√° le controlo sus eventos epilepticos, el medicamento que tomaba anteriormente la mantenia en cama por varios dias y durmiendo todo el d√≠a, con las gotas de CBD se le han controlado, ha estado de mejor humor (quien no) y la mantiene activa.",36,2024-10-03T18:11:45Z
MsumGaNRqSs,Ugz0ALZMIF-_Kgcfaoh4AaABAg,@Jg.19-97,"Tus ojos brillan cuando hablas de ciencia xD como dir√≠an all√°, que mono :3",0,2024-10-03T18:09:39Z
MsumGaNRqSs,UgwEtEBZv35EWdknyGh4AaABAg,@xhdoxdave,Muy interesante Gracias,1,2024-10-03T18:06:30Z
MsumGaNRqSs,UgwvaCuGAoav8zw_Az94AaABAg,@muertevacio,"Falta mucha informaci√≥n, hay muchas variantes y tipos diferentes de cannabinoides en el cannabis,no solo 2, que con cualquier composicion diferente causan efectos distintos, tambien el thc no existe por si mismo, tiene que haber una combustion para convertir Thc-a en el anterior mencionado. sin duda este video demuestra lo que falta por descubrir de esta planta y como hay un enorme tabuu a la hora de analizar cientificamente todo esto.",2,2024-10-03T18:04:01Z
MsumGaNRqSs,UgxWS1QAsX9JnmKD8it4AaABAg,@DavidArce-j9q,Que buen video! Ahora a ver el video,0,2024-10-03T18:03:01Z
MsumGaNRqSs,UgzP-Vlc1a5blUtvlWB4AaABAg,@matiascuenca133,"las personas que conozco que han usado CBD para dolores me han hablado bien del producto, pero lo han probado casualmente... no lo mantivieron en el tiempo entonces creo que estas dos personas fue mas placebo que otra cosa, yo consumo canabbis que yo mismo cultivo y relaja todo el cuerpo, pero es por el CBD o el THC? si los efectos de relajacion se mantienen al quitar el THC de la formula es un gol en mi opinion, para las personas que no quieren colocarse claro, yo disfruto el consumo recreativo pero sabiendo de las cosas negativas y no lo recomiendo por el hecho de influir en otros y fomantar el consumo, que cada quien decida por si mismo pero existe mucho, muuuucho marketing al rededor del negocio del canabbis, hay que tener en cuenta eso siempre. buen video saludos",5,2024-10-03T17:58:46Z
MsumGaNRqSs,UgyE9FbO5gaoU-qHmCt4AaABAg,@CoC0nvd0x,Si teticos ?! Madremia,1,2024-10-03T17:53:43Z
MsumGaNRqSs,UgyxClqVCWCFDg9KR5Z4AaABAg,@sailormoon5760,"Yo uso una infusi√≥n de canabis con menos del 0,2% de thc, la compro online. Me ayuda con mi dolor intenso persistente, funciona un poco como relajante muscular. Milagros no hace.",0,2024-10-03T17:53:37Z
MsumGaNRqSs,UgyifXjcrzch_rDuGUd4AaABAg,@senortortuga3948,Pan con jam√≥n,0,2024-10-03T17:53:11Z
MsumGaNRqSs,UgyJ1Mo5ATNwjDFB0v94AaABAg,@CoC0nvd0x,I porque no  simplemente provarlo para tu caso i ya esta...,0,2024-10-03T17:53:03Z
MsumGaNRqSs,UgzXPchuCPvT2kPh0U54AaABAg,@tablet1920,Hablemos acerca de los Discos de la Columna pliss‚ù§‚ù§,3,2024-10-03T17:52:32Z
MsumGaNRqSs,UgycShntrWkfnncyHW14AaABAg,@nancyrodriguez3926,"Hola tengo dolor cr√≥nico, (fibromialgia) y no puedo usar casi ning√∫n analg√©sico (por otras enfermedades) hace un par de a√±os una doctora me sugiri√≥ que usara de forma t√≥pica FISIOCREM, que es de venta libre en farmacias tiene CBD y √Årnica.
La he usado en casos puntuales y me ha funcionado, pero, no s√© por cual de los dos compuestos. 
Gracias por la informaci√≥n, y pondr√© cuidado con su uso.",38,2024-10-03T17:52:28Z
MsumGaNRqSs,UgwD17qWBwDNwhq1u3R4AaABAg,@billix3178,Yo nunca e olido la Mari,0,2024-10-03T17:50:47Z
MsumGaNRqSs,UgzblZ4NGVl4K24uVSp4AaABAg,@Ragnaros40,el minutio 2:22 xDD,0,2024-10-03T17:49:08Z
MsumGaNRqSs,Ugw0EOwbrjWbo4spVaR4AaABAg,@GualaDRAKE,"Eres muy absolutista... y por lo mismo cometes errores que creo son por ir en pro del tiempo... p.ej. la esquizofrenia si no esta congenitamente en el consumidor, no aparece... y lo dicen estudios, ahora, para que citar la NORMA APA si tu no lo haces. üòÖüòÖ

Otro:
Estudios han demostrado que la individualidad es esencial, como co nelmalcohol que si el consumidor no tiene el gen adecuado, s√≠ o s√≠ terminar√° alcoh√≥lico... 

Slds!",1,2024-10-03T17:48:23Z
MsumGaNRqSs,UgzlNvK55EdsVOWAruZ4AaABAg,@oconflordeazar,"Saludos! Me ha encantado este video, c√≥mo bien comentas diste una pincelada acertada, clara y profesional de este tema tan extenso, d√≥nde se necesitan m√°s estudios, yo por mi parte estoy precisamente en un estudio de plantas y flores que nuestros antepasados  implementaban para fumar.",8,2024-10-03T17:47:46Z
MsumGaNRqSs,UgyH82WHHEZiIT_ec054AaABAg,@nevorasta,me gustan las gomas... pero ni la etiqueta le√≠.. la cama de aire volaba despues,0,2024-10-03T17:44:54Z
MsumGaNRqSs,UgyAW_YVvXDoLqfOkxR4AaABAg,@JSL-z8q,Hace a√±os prove el cbd de forma fumada osea las gotas nunca las he probado y es cierto que a mi me bajo la ansiedad pero el efecto que note fue como si me hubiera tomado muchas pastillas tipo benzos asi que tenia una somnolencia brutal. Asi que deje de fumar cbd y no recomiendo consumir cbd digamos a lo loco creo que hay que tener cautela y en general no se esta teniendo....,0,2024-10-03T17:44:47Z
MsumGaNRqSs,UgxrbcFcXergUBRDb5R4AaABAg,@huruz9468,Ya empez√≥ mi programa favorito ü´∂,0,2024-10-03T17:43:27Z
MsumGaNRqSs,Ugzq7yS44fZHoWjSNIp4AaABAg,@roylucchinelli,"como consumidora de canabis tengo que decir que me ha ayudado mucho, pero depende mi estado de √°nimo tambi√©n, hace a√±os lo uso para dormir y me sirve mucho, para dolores tambi√©n (todo esto fumando) y he probado aceite de cbd y me sirvi√≥ para dormir muy bien ‚ù§Ô∏è‚Äçü©π amo el canabis pero no es para todos, es una buena alternativa para ciertos casos pero no descarto los medicamentos espec√≠ficos legales ya existentes",0,2024-10-03T17:43:11Z
MsumGaNRqSs,Ugxb9uT0AnTdb7BpBQp4AaABAg,@cinthiaricaldirojhas4413,Empezo mi clase ‚ù§,0,2024-10-03T17:42:40Z
MsumGaNRqSs,UgxyIKzdt8UD94a79z94AaABAg,@xxLopodoxx,"bajo mi experiencia a mi me relaja, menos que la propia hierva pero si. y si es mejor que una benzodiacepina pues mejor consultar con un medico",2,2024-10-03T17:40:49Z
MsumGaNRqSs,UgyOsLzbwq4OV0Ro7nV4AaABAg,@fabianrolon2860,Good,0,2024-10-03T17:40:43Z
MsumGaNRqSs,UgwSodNgd1h7d0v14J54AaABAg,@—Å—É–∫–∞–±–ª—è—Ç—å-—Ñ2—Ñ,solo comento pq me hace ilu llegar temprano,0,2024-10-03T17:38:23Z
MsumGaNRqSs,UgzcTM8in8sNxcg-2YB4AaABAg,@BlueTeamBorja,Qu√© bueno Hiperactina pero alguna ayuda de Carlos Santana habr√°s tenido para hacer tu web. üòÅ,1,2024-10-03T17:37:11Z
MsumGaNRqSs,UgzgZ11FtC2oX2fif754AaABAg,@gin-5555,"Hace un par de semanas compr√© CBD pero para fumarla, el hombre de la tienda me dijo ""toma el ticket, es importante por si te detiene la polic√≠a""
Ahora estoy viendo que no es legal? Wtf xd y hay varias tiendas as√≠ por toda M√°laga üòÖ",5,2024-10-03T17:37:12Z
MsumGaNRqSs,UgyxCe2i2Ffadsni6zl4AaABAg,@jonathanchaconlondono8894,"Marig√ºanicen la legalihuana.  Me ayuda a dormir y a abrir el apetito, para dolores de cabeza fuertes prefiero el cannabis a el acetaminofen, ya sea porque se me pasa o porque se me olvida que me duele,  malo es querer hacerlo todo el dia y/o pasar por alto las responsabilidades. Asi como el alcohol, deberia regularse y que el mismo Estado la produzca para evitar abonos o tecnicas que perjudican el organismo, las cuales usan solo para que el efecto sea mas potente. Soooolo digo.",0,2024-10-03T17:36:03Z
MsumGaNRqSs,UgyRUm56tCA512QOOhR4AaABAg,@luisgerardorodriguezvaldes3234,La Hiperactina siempre la mejor üíö,2,2024-10-03T17:35:41Z
MsumGaNRqSs,UgwuvbRVqhBrSgdhbS54AaABAg,@adolfo_fiori,"Chale, lleg√≥ el cup√≥n de descuento demasiado tarde, ya pagu√© un a√±o de dominio con el Hostinger üòÖüòÖüôÇ me habr√≠a ahorrado una lana",12,2024-10-03T17:34:59Z
MsumGaNRqSs,Ugz77VAMikAYryOTNBR4AaABAg,@lucascent,Hola hablar√≠as del pensamiento medico hegemonico?ü•∞,0,2024-10-03T17:34:58Z
MsumGaNRqSs,Ugz_xCZJyYU6pL2EbZB4AaABAg,@tebanperez9097,"Buenas:
respecto a por qu√© hay tiendas que venden consumibles con CBD en Espa√±a tengo una informaci√≥n que tal vez le resulte interesante.¬†
Un conocido compra en una tienda estos productos. Ser√≠a muy extra√±o que vendiera estos productos de manera ilegal, sobre todo si est√°n en el escaparate a la vista de todos. El ""truco"" o limbo legal me result√≥ curioso: no venden consumibles, venden ""art√≠culos de colecci√≥n"" para ""estudiosos del cannabis"". 
Desconozco si esto es as√≠ en todas las tiendas o si ""me la han colado"", pero la que conozco as√≠ lo hace.
Espero que le haya servido de algo. 
Un saludo",1,2024-10-03T17:34:16Z
MsumGaNRqSs,Ugx547wnNXu5c2GYwWF4AaABAg,@alejandrobermudez9178,Conclusi√≥n el CBD no es tan fuerte como el THC. Porque no alterarlo y que el CBD sea el m√°s fuerte y vuelven a intentarlo. Suena f√°cil verdad.,0,2024-10-03T17:33:52Z
MsumGaNRqSs,UgwfgJt2ojlcEKfKcGt4AaABAg,@dangalvan6837,Me gustar√≠a probarlo pero como que no se me hace buena idea. Excelente video.,0,2024-10-03T17:33:27Z
MsumGaNRqSs,UgwJQgUwCBQK3DKjl0Z4AaABAg,@basajaun5857,"Hola buenas, y para el sue√±o hay estudios?",0,2024-10-03T17:30:09Z
MsumGaNRqSs,Ugy9LS0J3b7z5nr73aB4AaABAg,@javierlucchesi4257,Gracias por el v√≠deo y por aclarar muchos datos!!!,1,2024-10-03T17:29:06Z
MsumGaNRqSs,Ugw2yS3KiJVFGEIjHsh4AaABAg,@DavidGarcia-sw6zu,Haz un v√≠deo sobre las terapias con psilocibina y LSD üôè,2,2024-10-03T17:28:49Z
MsumGaNRqSs,UgxIbVoR4OKj5sJFdpJ4AaABAg,@xaber1963,Eso de Hostinger no se podr√≠a considerar sesgo? üòâ,0,2024-10-03T17:28:34Z
MsumGaNRqSs,UgytIVt9hUDBjE8cZ354AaABAg,@sike024,"Fumar es malo, para eso fumo, para que se acabe",142,2024-10-03T17:28:13Z
MsumGaNRqSs,UgzoBRu9InXValsd1gx4AaABAg,@bladimircerda02,Chevere,0,2024-10-03T17:26:16Z
MsumGaNRqSs,UgzdT2hMG5JXl1Yz4QJ4AaABAg,@luisosorio4806,Por qu√© no sal√≠ como c√©lula del canal si ya estoy suscrito a tu Patreon? üò≠üò≠,0,2024-10-03T17:26:14Z
MsumGaNRqSs,UgxevuROlyWzGe65TAp4AaABAg,@AlejandroAndres35,Si el dolor es cr√≥nico o agudo realmente no ayuda m√°s que el placebo aun usando dosis supra m√°ximas muy por sobre lo recomendado.,0,2024-10-03T17:20:58Z
MsumGaNRqSs,UgxioVXriSiebjnXoch4AaABAg,@rudolff1726,ü´∂üáµüá¶üëçü•∞,0,2024-10-03T17:16:34Z
MsumGaNRqSs,UgzP3_k-QSqmUzQqs9p4AaABAg,@Cienciaenpocaspalabras,Bieen nuevo video *like* ahora a ver el video,0,2024-10-03T17:15:49Z
MsumGaNRqSs,UgxgtCA9iKjvcYgqPtt4AaABAg,@analiaparedes3328,Pregunta: podemos regular la liberaci√≥n de endocannabinoides en nuestro cuerpo?,0,2024-10-03T17:15:39Z
MsumGaNRqSs,Ugy7qrnBEgIVPMyrcch4AaABAg,@UnaForastera93,"Me encanta tu contenido y me inspira, saludos desde M√©xico üòäüòä",1,2024-10-03T17:15:28Z
MsumGaNRqSs,UgyH6BWx8DlXqQ5Vawd4AaABAg,@Agu_iz,Reci√©n llegando,0,2024-10-03T17:15:14Z
MsumGaNRqSs,UgyZr9m2KGLBuK-Mfw94AaABAg,@Disfuncionario,En la spanabish vi que se est√° vendiendo el HHC que si es psicoactivo y no est√° regulado. No lo recomiendo por no haberse probado hasta ahora en personas,0,2024-10-03T17:13:45Z
MsumGaNRqSs,UgxrzwD0jYm73-yl9rl4AaABAg,@andresgarciacastro1783,"Que buen v√≠deo, muchas gracias!",0,2024-10-03T17:12:45Z
MsumGaNRqSs,UgzPkr8-n9zM01dbkI14AaABAg,@WilliamFerreira-l3s,Quintoüòéüòéüòéüßê,0,2024-10-03T17:12:26Z
MsumGaNRqSs,Ugz2esXPgTgknipxMJt4AaABAg,@Alonso397.,üëçüèª,0,2024-10-03T17:11:54Z
MsumGaNRqSs,UgwgWyuXqgaTETbQgMZ4AaABAg,@monti1008,En primera fila üòéüòÅ,0,2024-10-03T17:09:49Z
MsumGaNRqSs,UgxmEVXXzZ9-VfylPNB4AaABAg,@eliasenriqueznavarro3040,‚ù§,0,2024-10-03T17:09:47Z
MsumGaNRqSs,Ugx6DEMaHTbjigi31vh4AaABAg,@Lahiperactina,"Si quieres crear tu p√°gina web pero se te hace bola como a m√≠, deja que la IA de Hostinger te eche una mano ü§ñüíú Con el cup√≥n HIPERACTINA ten√©is un 10% de descuentoü´∂ Recordad que estos patrocinios nos permiten traer v√≠deos como este al canal y financiar el trabajo de la gente que hay detr√°s, as√≠ que si te interesa, ¬°√©chale un vistazo!
P.D.: ¬øQu√© os ha parecido el v√≠deo? ¬øHab√©is probado alguna vez productos de CBD? ¬øC√≥mo fue la experiencia?üëÄ",28,2024-10-02T23:59:19Z
